[
  {
    "no": "1",
    "link": "https://www.nomor.net/_kodepos.php?_i=kota-kodepos&sby=000000&daerah=Provinsi&jobs=Aceh (NAD)&perhal=1000",
    "name": "Aceh (NAD)",
    "code": "11"
  },
  {
    "no": "2",
    "link": "https://www.nomor.net/_kodepos.php?_i=kota-kodepos&sby=000000&daerah=Provinsi&jobs=Bali&perhal=1000",
    "name": "Bali",
    "code": "51"
  },
  {
    "no": "3",
    "link": "https://www.nomor.net/_kodepos.php?_i=kota-kodepos&sby=000000&daerah=Provinsi&jobs=Banten&perhal=1000",
    "name": "Banten",
    "code": "36"
  },
  {
    "no": "4",
    "link": "https://www.nomor.net/_kodepos.php?_i=kota-kodepos&sby=000000&daerah=Provinsi&jobs=Bengkulu&perhal=1000",
    "name": "Bengkulu",
    "code": "17"
  },
  {
    "no": "5",
    "link": "https://www.nomor.net/_kodepos.php?_i=kota-kodepos&sby=000000&daerah=Provinsi&jobs=DI Yogyakarta&perhal=1000",
    "name": "DI Yogyakarta",
    "code": "34"
  },
  {
    "no": "6",
    "link": "https://www.nomor.net/_kodepos.php?_i=kota-kodepos&sby=000000&daerah=Provinsi&jobs=DKI Jakarta&perhal=1000",
    "name": "DKI Jakarta",
    "code": "31"
  },
  {
    "no": "7",
    "link": "https://www.nomor.net/_kodepos.php?_i=kota-kodepos&sby=000000&daerah=Provinsi&jobs=Gorontalo&perhal=1000",
    "name": "Gorontalo",
    "code": "75"
  },
  {
    "no": "8",
    "link": "https://www.nomor.net/_kodepos.php?_i=kota-kodepos&sby=000000&daerah=Provinsi&jobs=Jambi&perhal=1000",
    "name": "Jambi",
    "code": "15"
  },
  {
    "no": "9",
    "link": "https://www.nomor.net/_kodepos.php?_i=kota-kodepos&sby=000000&daerah=Provinsi&jobs=Jawa Barat&perhal=1000",
    "name": "Jawa Barat",
    "code": "32"
  },
  {
    "no": "10",
    "link": "https://www.nomor.net/_kodepos.php?_i=kota-kodepos&sby=000000&daerah=Provinsi&jobs=Jawa Tengah&perhal=1000",
    "name": "Jawa Tengah",
    "code": "33"
  },
  {
    "no": "11",
    "link": "https://www.nomor.net/_kodepos.php?_i=kota-kodepos&sby=000000&daerah=Provinsi&jobs=Jawa Timur&perhal=1000",
    "name": "Jawa Timur",
    "code": "35"
  },
  {
    "no": "12",
    "link": "https://www.nomor.net/_kodepos.php?_i=kota-kodepos&sby=000000&daerah=Provinsi&jobs=Kalimantan Barat&perhal=1000",
    "name": "Kalimantan Barat",
    "code": "61"
  },
  {
    "no": "13",
    "link": "https://www.nomor.net/_kodepos.php?_i=kota-kodepos&sby=000000&daerah=Provinsi&jobs=Kalimantan Selatan&perhal=1000",
    "name": "Kalimantan Selatan",
    "code": "63"
  },
  {
    "no": "14",
    "link": "https://www.nomor.net/_kodepos.php?_i=kota-kodepos&sby=000000&daerah=Provinsi&jobs=Kalimantan Tengah&perhal=1000",
    "name": "Kalimantan Tengah",
    "code": "62"
  },
  {
    "no": "15",
    "link": "https://www.nomor.net/_kodepos.php?_i=kota-kodepos&sby=000000&daerah=Provinsi&jobs=Kalimantan Timur&perhal=1000",
    "name": "Kalimantan Timur",
    "code": "64"
  },
  {
    "no": "16",
    "link": "https://www.nomor.net/_kodepos.php?_i=kota-kodepos&sby=000000&daerah=Provinsi&jobs=Kalimantan Utara&perhal=1000",
    "name": "Kalimantan Utara",
    "code": "65"
  },
  {
    "no": "17",
    "link": "https://www.nomor.net/_kodepos.php?_i=kota-kodepos&sby=000000&daerah=Provinsi&jobs=Kepulauan Bangka Belitung&perhal=1000",
    "name": "Kepulauan Bangka Belitung",
    "code": "19"
  },
  {
    "no": "18",
    "link": "https://www.nomor.net/_kodepos.php?_i=kota-kodepos&sby=000000&daerah=Provinsi&jobs=Kepulauan Riau&perhal=1000",
    "name": "Kepulauan Riau",
    "code": "21"
  },
  {
    "no": "19",
    "link": "https://www.nomor.net/_kodepos.php?_i=kota-kodepos&sby=000000&daerah=Provinsi&jobs=Lampung&perhal=1000",
    "name": "Lampung",
    "code": "18"
  },
  {
    "no": "20",
    "link": "https://www.nomor.net/_kodepos.php?_i=kota-kodepos&sby=000000&daerah=Provinsi&jobs=Maluku&perhal=1000",
    "name": "Maluku",
    "code": "81"
  },
  {
    "no": "21",
    "link": "https://www.nomor.net/_kodepos.php?_i=kota-kodepos&sby=000000&daerah=Provinsi&jobs=Maluku Utara&perhal=1000",
    "name": "Maluku Utara",
    "code": "82"
  },
  {
    "no": "22",
    "link": "https://www.nomor.net/_kodepos.php?_i=kota-kodepos&sby=000000&daerah=Provinsi&jobs=Nusa Tenggara Barat (NTB)&perhal=1000",
    "name": "Nusa Tenggara Barat (NTB)",
    "code": "52"
  },
  {
    "no": "23",
    "link": "https://www.nomor.net/_kodepos.php?_i=kota-kodepos&sby=000000&daerah=Provinsi&jobs=Nusa Tenggara Timur (NTT)&perhal=1000",
    "name": "Nusa Tenggara Timur (NTT)",
    "code": "53"
  },
  {
    "no": "24",
    "link": "https://www.nomor.net/_kodepos.php?_i=kota-kodepos&sby=000000&daerah=Provinsi&jobs=Papua&perhal=1000",
    "name": "Papua",
    "code": "91"
  },
  {
    "no": "25",
    "link": "https://www.nomor.net/_kodepos.php?_i=kota-kodepos&sby=000000&daerah=Provinsi&jobs=Papua Barat&perhal=1000",
    "name": "Papua Barat",
    "code": "92"
  },
  {
    "no": "26",
    "link": "https://www.nomor.net/_kodepos.php?_i=kota-kodepos&sby=000000&daerah=Provinsi&jobs=Riau&perhal=1000",
    "name": "Riau",
    "code": "14"
  },
  {
    "no": "27",
    "link": "https://www.nomor.net/_kodepos.php?_i=kota-kodepos&sby=000000&daerah=Provinsi&jobs=Sulawesi Barat&perhal=1000",
    "name": "Sulawesi Barat",
    "code": "76"
  },
  {
    "no": "28",
    "link": "https://www.nomor.net/_kodepos.php?_i=kota-kodepos&sby=000000&daerah=Provinsi&jobs=Sulawesi Selatan&perhal=1000",
    "name": "Sulawesi Selatan",
    "code": "73"
  },
  {
    "no": "29",
    "link": "https://www.nomor.net/_kodepos.php?_i=kota-kodepos&sby=000000&daerah=Provinsi&jobs=Sulawesi Tengah&perhal=1000",
    "name": "Sulawesi Tengah",
    "code": "72"
  },
  {
    "no": "30",
    "link": "https://www.nomor.net/_kodepos.php?_i=kota-kodepos&sby=000000&daerah=Provinsi&jobs=Sulawesi Tenggara&perhal=1000",
    "name": "Sulawesi Tenggara",
    "code": "74"
  },
  {
    "no": "31",
    "link": "https://www.nomor.net/_kodepos.php?_i=kota-kodepos&sby=000000&daerah=Provinsi&jobs=Sulawesi Utara&perhal=1000",
    "name": "Sulawesi Utara",
    "code": "71"
  },
  {
    "no": "32",
    "link": "https://www.nomor.net/_kodepos.php?_i=kota-kodepos&sby=000000&daerah=Provinsi&jobs=Sumatera Barat&perhal=1000",
    "name": "Sumatera Barat",
    "code": "13"
  },
  {
    "no": "33",
    "link": "https://www.nomor.net/_kodepos.php?_i=kota-kodepos&sby=000000&daerah=Provinsi&jobs=Sumatera Selatan&perhal=1000",
    "name": "Sumatera Selatan",
    "code": "16"
  },
  {
    "no": "34",
    "link": "https://www.nomor.net/_kodepos.php?_i=kota-kodepos&sby=000000&daerah=Provinsi&jobs=Sumatera Utara&perhal=1000",
    "name": "Sumatera Utara",
    "code": "12"
  }
]